user_id,is_cold_start,train_event_count,train_session_count,positive_event_count,profile_status,top_categories,top_subcategories,top_brands,category_weights,subcategory_weights,brand_weights,mean_log_price,price_std,last_train_event_at
user_000001,true,20,1,0,cold_start,[],[],[],{},{},{},,0.5000,
user_000002,true,20,1,0,cold_start,[],[],[],{},{},{},,0.5000,
user_000003,true,0,0,0,cold_start,[],[],[],{},{},{},,0.5000,
user_000004,true,7,1,2,warm,"[""Sports & Outdoors""]","[""Yoga""]","[""PeakAscent""]","{""Sports & Outdoors"": 1.0}","{""Yoga"": 1.0}","{""PeakAscent"": 1.0}",5.5115,0.5000,2026-01-11T11:01:47.994459+00:00
user_000005,true,4,1,1,warm,"[""Books""]","[""Comics""]","[""AtlasBooks""]","{""Books"": 1.0}","{""Comics"": 1.0}","{""AtlasBooks"": 1.0}",2.4932,0.5000,2026-02-15T19:28:58.184196+00:00
user_000006,true,31,2,2,warm,"[""Books"", ""Automotive""]","[""Comics"", ""Oils & Fluids""]","[""AtlasBooks"", ""DriveSafe""]","{""Automotive"": 0.49999915845213405, ""Books"": 0.500000841547866}","{""Oils & Fluids"": 0.49999915845213405, ""Comics"": 0.500000841547866}","{""DriveSafe"": 0.49999915845213405, ""AtlasBooks"": 0.500000841547866}",5.1552,0.5000,2026-01-29T06:07:58.362611+00:00
user_000007,true,56,5,7,warm,"[""Clothing""]","[""Women's Dresses""]","[""EleganceWear""]","{""Clothing"": 1.0}","{""Women's Dresses"": 1.0}","{""EleganceWear"": 1.0}",5.2514,0.5000,2026-02-16T00:48:51.807543+00:00
user_000008,true,4,1,1,warm,"[""Toys & Games""]","[""Action Figures""]","[""BrainBoost""]","{""Toys & Games"": 1.0}","{""Action Figures"": 1.0}","{""BrainBoost"": 1.0}",4.9296,0.5000,2026-03-30T16:18:34.203906+00:00
user_000009,true,9,1,1,warm,"[""Beauty & Personal Care""]","[""Skincare""]","[""GlowLab""]","{""Beauty & Personal Care"": 1.0}","{""Skincare"": 1.0}","{""GlowLab"": 1.0}",3.8433,0.5000,2026-01-04T22:29:32.747074+00:00
user_000010,true,20,1,0,cold_start,[],[],[],{},{},{},,0.5000,
user_000011,false,20,1,0,no_positive,[],[],[],{},{},{},,0.5000,
user_000012,false,21,1,1,warm,"[""Electronics""]","[""Smartphones""]","[""TechPro""]","{""Electronics"": 1.0}","{""Smartphones"": 1.0}","{""TechPro"": 1.0}",7.5737,0.5000,2026-01-09T13:13:39.723730+00:00
user_000013,false,130,9,11,warm,"[""Sports & Outdoors"", ""Automotive"", ""Books"", ""Grocery & Gourmet Food""]","[""Yoga"", ""Oils & Fluids"", ""Comics"", ""Spices""]","[""PeakAscent"", ""DriveSafe"", ""AtlasBooks"", ""SpiceTrail""]","{""Automotive"": 0.24087394098330553, ""Sports & Outdoors"": 0.5548982370196622, ""Grocery & Gourmet Food"": 0.07803105725313017, ""Books"": 0.12619676474390204}","{""Oils & Fluids"": 0.24087394098330553, ""Yoga"": 0.5548982370196622, ""Spices"": 0.07803105725313017, ""Comics"": 0.12619676474390204}","{""DriveSafe"": 0.24087394098330553, ""PeakAscent"": 0.5548982370196622, ""SpiceTrail"": 0.07803105725313017, ""AtlasBooks"": 0.12619676474390204}",4.0303,0.5000,2026-03-20T07:38:08.259838+00:00
user_000014,false,20,1,0,no_positive,[],[],[],{},{},{},,0.5000,
user_000015,false,104,6,8,warm,"[""Books"", ""Beauty & Personal Care"", ""Clothing"", ""Grocery & Gourmet Food""]","[""Comics"", ""Skincare"", ""Women's Dresses"", ""Spices""]","[""AtlasBooks"", ""GlowLab"", ""EleganceWear"", ""SpiceTrail""]","{""Beauty & Personal Care"": 0.1903209676275113, ""Grocery & Gourmet Food"": 0.1117886708173291, ""Books"": 0.5187381481683492, ""Clothing"": 0.1791522133868104}","{""Skincare"": 0.1903209676275113, ""Spices"": 0.1117886708173291, ""Comics"": 0.5187381481683492, ""Women's Dresses"": 0.1791522133868104}","{""GlowLab"": 0.1903209676275113, ""SpiceTrail"": 0.1117886708173291, ""AtlasBooks"": 0.5187381481683492, ""EleganceWear"": 0.1791522133868104}",4.2312,0.5000,2026-03-11T02:00:26.094181+00:00
user_000016,false,173,14,26,warm,"[""Clothing"", ""Beauty & Personal Care"", ""Books"", ""Grocery & Gourmet Food"", ""Sports & Outdoors""]","[""Women's Dresses"", ""Skincare"", ""Comics"", ""Spices"", ""Yoga""]","[""EleganceWear"", ""GlowLab"", ""AtlasBooks"", ""SpiceTrail"", ""PeakAscent""]","{""Clothing"": 0.2791617826486101, ""Books"": 0.16875991674136842, ""Sports & Outdoors"": 0.057918030562770347, ""Grocery & Gourmet Food"": 0.16631411162361143, ""Health & Household"": 0.052833658439238554, ""Beauty & Personal Care"": 0.2357247230018255, ""Toys & Games"": 0.03928777698257561}","{""Women's Dresses"": 0.2791617826486101, ""Comics"": 0.16875991674136842, ""Yoga"": 0.057918030562770347, ""Spices"": 0.16631411162361143, ""Air Quality"": 0.052833658439238554, ""Skincare"": 0.2357247230018255, ""Action Figures"": 0.03928777698257561}","{""EleganceWear"": 0.2791617826486101, ""AtlasBooks"": 0.16875991674136842, ""PeakAscent"": 0.057918030562770347, ""SpiceTrail"": 0.16631411162361143, ""EcoFresh"": 0.052833658439238554, ""GlowLab"": 0.2357247230018255, ""BrainBoost"": 0.03928777698257561}",4.6377,0.5000,2026-03-08T20:57:13.248840+00:00
user_000017,false,115,9,9,warm,"[""Toys & Games"", ""Clothing"", ""Books""]","[""Action Figures"", ""Women's Dresses"", ""Comics""]","[""BrainBoost"", ""EleganceWear"", ""AtlasBooks""]","{""Toys & Games"": 0.785975086791469, ""Books"": 0.08158014373888706, ""Clothing"": 0.13244476946964392}","{""Action Figures"": 0.785975086791469, ""Comics"": 0.08158014373888706, ""Women's Dresses"": 0.13244476946964392}","{""BrainBoost"": 0.785975086791469, ""AtlasBooks"": 0.08158014373888706, ""EleganceWear"": 0.13244476946964392}",4.5941,0.5000,2026-02-27T18:45:43.346590+00:00
user_000018,false,5,1,2,warm,"[""Books""]","[""Comics""]","[""AtlasBooks""]","{""Books"": 1.0}","{""Comics"": 1.0}","{""AtlasBooks"": 1.0}",3.2821,0.5000,2026-01-14T07:54:45.883850+00:00
user_000019,false,44,2,4,warm,"[""Grocery & Gourmet Food""]","[""Spices""]","[""SpiceTrail""]","{""Grocery & Gourmet Food"": 1.0}","{""Spices"": 1.0}","{""SpiceTrail"": 1.0}",3.7115,0.5000,2026-02-23T00:44:03.383095+00:00
user_000020,false,0,0,0,no_history,[],[],[],{},{},{},,0.5000,
user_000021,false,41,5,6,warm,"[""Home & Kitchen"", ""Health & Household"", ""Clothing"", ""Books""]","[""Bedding"", ""Air Quality"", ""Women's Dresses"", ""Comics""]","[""ChefElite"", ""EcoFresh"", ""EleganceWear"", ""AtlasBooks""]","{""Books"": 0.08403209667279699, ""Clothing"": 0.1106807543914113, ""Home & Kitchen"": 0.6688629683585292, ""Health & Household"": 0.1364241805772625}","{""Comics"": 0.08403209667279699, ""Women's Dresses"": 0.1106807543914113, ""Bedding"": 0.6688629683585292, ""Air Quality"": 0.1364241805772625}","{""AtlasBooks"": 0.08403209667279699, ""EleganceWear"": 0.1106807543914113, ""ChefElite"": 0.6688629683585292, ""EcoFresh"": 0.1364241805772625}",5.3754,0.5000,2026-03-17T15:58:37.441379+00:00
user_000022,false,0,0,0,no_history,[],[],[],{},{},{},,0.5000,
user_000023,false,5,1,2,warm,"[""Books""]","[""Comics""]","[""AtlasBooks""]","{""Books"": 1.0}","{""Comics"": 1.0}","{""AtlasBooks"": 1.0}",4.2779,0.5000,2026-03-01T21:45:50.880410+00:00
user_000024,false,0,0,0,no_history,[],[],[],{},{},{},,0.5000,
user_000025,false,26,2,5,warm,"[""Home & Kitchen"", ""Sports & Outdoors""]","[""Bedding"", ""Yoga""]","[""ChefElite"", ""PeakAscent""]","{""Home & Kitchen"": 0.9094923377986083, ""Sports & Outdoors"": 0.0905076622013917}","{""Bedding"": 0.9094923377986083, ""Yoga"": 0.0905076622013917}","{""ChefElite"": 0.9094923377986083, ""PeakAscent"": 0.0905076622013917}",6.1274,0.5000,2026-01-18T08:56:18.870978+00:00
user_000026,false,123,6,13,warm,"[""Clothing"", ""Toys & Games"", ""Beauty & Personal Care"", ""Home & Kitchen"", ""Sports & Outdoors""]","[""Women's Dresses"", ""Action Figures"", ""Skincare"", ""Bedding"", ""Yoga""]","[""EleganceWear"", ""BrainBoost"", ""GlowLab"", ""ChefElite"", ""PeakAscent""]","{""Books"": 0.03638410381680196, ""Home & Kitchen"": 0.1259925305739257, ""Sports & Outdoors"": 0.04199760167803023, ""Beauty & Personal Care"": 0.2362741872186567, ""Toys & Games"": 0.24795254573712075, ""Clothing"": 0.3113990309754646}","{""Comics"": 0.03638410381680196, ""Bedding"": 0.1259925305739257, ""Yoga"": 0.04199760167803023, ""Skincare"": 0.2362741872186567, ""Action Figures"": 0.24795254573712075, ""Women's Dresses"": 0.3113990309754646}","{""AtlasBooks"": 0.03638410381680196, ""ChefElite"": 0.1259925305739257, ""PeakAscent"": 0.04199760167803023, ""GlowLab"": 0.2362741872186567, ""BrainBoost"": 0.24795254573712075, ""EleganceWear"": 0.3113990309754646}",4.6240,0.5000,2026-01-29T22:08:22.534342+00:00
user_000027,false,75,7,8,warm,"[""Sports & Outdoors"", ""Electronics"", ""Clothing""]","[""Yoga"", ""Smartphones"", ""Women's Dresses""]","[""PeakAscent"", ""TechPro"", ""EleganceWear""]","{""Electronics"": 0.4459594919229769, ""Clothing"": 0.07009642619287206, ""Sports & Outdoors"": 0.48394408188415106}","{""Smartphones"": 0.4459594919229769, ""Women's Dresses"": 0.07009642619287206, ""Yoga"": 0.48394408188415106}","{""TechPro"": 0.4459594919229769, ""EleganceWear"": 0.07009642619287206, ""PeakAscent"": 0.48394408188415106}",5.6109,0.5000,2026-02-28T02:20:17.753894+00:00
user_000028,false,51,3,3,warm,"[""Health & Household"", ""Home & Kitchen""]","[""Air Quality"", ""Bedding""]","[""EcoFresh"", ""ChefElite""]","{""Home & Kitchen"": 0.1098882427430409, ""Health & Household"": 0.8901117572569591}","{""Bedding"": 0.1098882427430409, ""Air Quality"": 0.8901117572569591}","{""ChefElite"": 0.1098882427430409, ""EcoFresh"": 0.8901117572569591}",1.5038,0.5000,2026-02-17T04:53:20.470017+00:00
user_000029,false,11,1,2,warm,"[""Beauty & Personal Care""]","[""Skincare""]","[""GlowLab""]","{""Beauty & Personal Care"": 1.0}","{""Skincare"": 1.0}","{""GlowLab"": 1.0}",4.2078,0.5000,2026-01-12T15:24:30.516698+00:00
user_000030,false,6,1,2,warm,"[""Books""]","[""Comics""]","[""AtlasBooks""]","{""Books"": 1.0}","{""Comics"": 1.0}","{""AtlasBooks"": 1.0}",3.7587,0.5000,2026-01-08T10:53:12.530930+00:00
user_000031,false,10,1,1,warm,"[""Sports & Outdoors""]","[""Yoga""]","[""PeakAscent""]","{""Sports & Outdoors"": 1.0}","{""Yoga"": 1.0}","{""PeakAscent"": 1.0}",5.9367,0.5000,2026-03-09T05:17:03.679150+00:00
user_000032,false,70,5,12,warm,"[""Toys & Games"", ""Books"", ""Grocery & Gourmet Food"", ""Home & Kitchen"", ""Automotive""]","[""Action Figures"", ""Comics"", ""Spices"", ""Bedding"", ""Oils & Fluids""]","[""BrainBoost"", ""AtlasBooks"", ""SpiceTrail"", ""ChefElite"", ""DriveSafe""]","{""Toys & Games"": 0.5906300443844037, ""Sports & Outdoors"": 0.04799424943024326, ""Automotive"": 0.04799481498882667, ""Home & Kitchen"": 0.047994863695932345, ""Grocery & Gourmet Food"": 0.10984269509890328, ""Books"": 0.15554333240169077}","{""Action Figures"": 0.5906300443844037, ""Yoga"": 0.04799424943024326, ""Oils & Fluids"": 0.04799481498882667, ""Bedding"": 0.047994863695932345, ""Spices"": 0.10984269509890328, ""Comics"": 0.15554333240169077}","{""BrainBoost"": 0.5906300443844037, ""PeakAscent"": 0.04799424943024326, ""DriveSafe"": 0.04799481498882667, ""ChefElite"": 0.047994863695932345, ""SpiceTrail"": 0.10984269509890328, ""AtlasBooks"": 0.15554333240169077}",4.2012,0.5000,2026-03-17T01:43:45.584259+00:00
user_000033,false,124,9,8,warm,"[""Clothing"", ""Toys & Games"", ""Books""]","[""Women's Dresses"", ""Action Figures"", ""Comics""]","[""EleganceWear"", ""BrainBoost"", ""AtlasBooks""]","{""Books"": 0.027183958748262464, ""Clothing"": 0.5783287072584805, ""Toys & Games"": 0.3944873339932571}","{""Comics"": 0.027183958748262464, ""Women's Dresses"": 0.5783287072584805, ""Action Figures"": 0.3944873339932571}","{""AtlasBooks"": 0.027183958748262464, ""EleganceWear"": 0.5783287072584805, ""BrainBoost"": 0.3944873339932571}",4.3725,0.5000,2026-03-17T21:53:24.168372+00:00
user_000034,false,126,11,12,warm,"[""Sports & Outdoors"", ""Toys & Games"", ""Beauty & Personal Care"", ""Clothing"", ""Grocery & Gourmet Food""]","[""Yoga"", ""Action Figures"", ""Skincare"", ""Women's Dresses"", ""Spices""]","[""PeakAscent"", ""BrainBoost"", ""GlowLab"", ""EleganceWear"", ""SpiceTrail""]","{""Clothing"": 0.09884150630119996, ""Toys & Games"": 0.3028110744003801, ""Grocery & Gourmet Food"": 0.07126237530231774, ""Sports & Outdoors"": 0.4275796873927173, ""Beauty & Personal Care"": 0.0995053566033849}","{""Women's Dresses"": 0.09884150630119996, ""Action Figures"": 0.3028110744003801, ""Spices"": 0.07126237530231774, ""Yoga"": 0.4275796873927173, ""Skincare"": 0.0995053566033849}","{""EleganceWear"": 0.09884150630119996, ""BrainBoost"": 0.3028110744003801, ""SpiceTrail"": 0.07126237530231774, ""PeakAscent"": 0.4275796873927173, ""GlowLab"": 0.0995053566033849}",3.6390,0.5000,2026-03-19T15:00:01.067854+00:00
user_000035,false,10,1,3,warm,"[""Automotive""]","[""Oils & Fluids""]","[""DriveSafe""]","{""Automotive"": 1.0}","{""Oils & Fluids"": 1.0}","{""DriveSafe"": 1.0}",5.3823,0.5000,2026-02-14T12:44:44.021268+00:00
user_000036,false,3,1,1,warm,"[""Home & Kitchen""]","[""Bedding""]","[""ChefElite""]","{""Home & Kitchen"": 1.0}","{""Bedding"": 1.0}","{""ChefElite"": 1.0}",6.3858,0.5000,2026-01-24T23:16:51.640270+00:00
user_000037,false,105,8,17,warm,"[""Health & Household"", ""Home & Kitchen""]","[""Air Quality"", ""Bedding""]","[""EcoFresh"", ""ChefElite""]","{""Health & Household"": 0.9464986965548966, ""Home & Kitchen"": 0.053501303445103524}","{""Air Quality"": 0.9464986965548966, ""Bedding"": 0.053501303445103524}","{""EcoFresh"": 0.9464986965548966, ""ChefElite"": 0.053501303445103524}",2.9915,0.5000,2026-03-15T08:57:13.531498+00:00
user_000038,false,28,3,6,warm,"[""Home & Kitchen"", ""Toys & Games""]","[""Bedding"", ""Action Figures""]","[""ChefElite"", ""BrainBoost""]","{""Home & Kitchen"": 0.547012979684372, ""Toys & Games"": 0.45298702031562804}","{""Bedding"": 0.547012979684372, ""Action Figures"": 0.45298702031562804}","{""ChefElite"": 0.547012979684372, ""BrainBoost"": 0.45298702031562804}",5.2223,0.5000,2026-01-25T19:11:27.697939+00:00
user_000039,false,21,1,1,warm,"[""Home & Kitchen""]","[""Bedding""]","[""ChefElite""]","{""Home & Kitchen"": 1.0}","{""Bedding"": 1.0}","{""ChefElite"": 1.0}",4.0840,0.5000,2026-03-20T14:16:00.545718+00:00
user_000040,false,5,1,2,warm,"[""Toys & Games"", ""Home & Kitchen""]","[""Action Figures"", ""Bedding""]","[""BrainBoost"", ""ChefElite""]","{""Home & Kitchen"": 0.4999990231595384, ""Toys & Games"": 0.5000009768404616}","{""Bedding"": 0.4999990231595384, ""Action Figures"": 0.5000009768404616}","{""ChefElite"": 0.4999990231595384, ""BrainBoost"": 0.5000009768404616}",5.7252,0.5000,2026-01-05T06:41:16.669860+00:00
user_000041,false,21,1,1,warm,"[""Clothing""]","[""Women's Dresses""]","[""EleganceWear""]","{""Clothing"": 1.0}","{""Women's Dresses"": 1.0}","{""EleganceWear"": 1.0}",5.3029,0.5000,2026-03-11T00:29:19.429233+00:00
user_000042,false,53,3,6,warm,"[""Grocery & Gourmet Food"", ""Home & Kitchen""]","[""Spices"", ""Bedding""]","[""SpiceTrail"", ""ChefElite""]","{""Home & Kitchen"": 0.48950470074864594, ""Grocery & Gourmet Food"": 0.510495299251354}","{""Bedding"": 0.48950470074864594, ""Spices"": 0.510495299251354}","{""ChefElite"": 0.48950470074864594, ""SpiceTrail"": 0.510495299251354}",4.4422,0.5000,2026-01-30T02:19:55.468688+00:00
user_000043,false,22,1,2,warm,"[""Grocery & Gourmet Food""]","[""Spices""]","[""SpiceTrail""]","{""Grocery & Gourmet Food"": 1.0}","{""Spices"": 1.0}","{""SpiceTrail"": 1.0}",4.1604,0.5000,2026-03-08T21:03:50.175544+00:00
user_000044,false,64,4,5,warm,"[""Books"", ""Beauty & Personal Care"", ""Automotive""]","[""Comics"", ""Skincare"", ""Oils & Fluids""]","[""AtlasBooks"", ""GlowLab"", ""DriveSafe""]","{""Beauty & Personal Care"": 0.2426910190478824, ""Books"": 0.5679810078984167, ""Automotive"": 0.18932797305370083}","{""Skincare"": 0.2426910190478824, ""Comics"": 0.5679810078984167, ""Oils & Fluids"": 0.18932797305370083}","{""GlowLab"": 0.2426910190478824, ""AtlasBooks"": 0.5679810078984167, ""DriveSafe"": 0.18932797305370083}",4.1966,0.5000,2026-02-19T14:58:14.932621+00:00
user_000045,false,69,6,3,warm,"[""Sports & Outdoors"", ""Books""]","[""Yoga"", ""Comics""]","[""PeakAscent"", ""AtlasBooks""]","{""Sports & Outdoors"": 0.5980802912564877, ""Books"": 0.4019197087435123}","{""Yoga"": 0.5980802912564877, ""Comics"": 0.4019197087435123}","{""PeakAscent"": 0.5980802912564877, ""AtlasBooks"": 0.4019197087435123}",4.6405,0.5000,2026-02-19T13:40:25.325850+00:00
user_000046,false,42,2,2,warm,"[""Beauty & Personal Care"", ""Sports & Outdoors""]","[""Skincare"", ""Yoga""]","[""GlowLab"", ""PeakAscent""]","{""Sports & Outdoors"": 0.17393166698664617, ""Beauty & Personal Care"": 0.8260683330133538}","{""Yoga"": 0.17393166698664617, ""Skincare"": 0.8260683330133538}","{""PeakAscent"": 0.17393166698664617, ""GlowLab"": 0.8260683330133538}",4.4639,0.5000,2026-03-11T23:46:36.664137+00:00
user_000047,false,76,5,6,warm,"[""Automotive"", ""Books"", ""Health & Household"", ""Toys & Games""]","[""Oils & Fluids"", ""Comics"", ""Air Quality"", ""Action Figures""]","[""DriveSafe"", ""AtlasBooks"", ""EcoFresh"", ""BrainBoost""]","{""Books"": 0.30920211099060796, ""Toys & Games"": 0.10599983544181579, ""Automotive"": 0.4240018667820365, ""Health & Household"": 0.16079618678553975}","{""Comics"": 0.30920211099060796, ""Action Figures"": 0.10599983544181579, ""Oils & Fluids"": 0.4240018667820365, ""Air Quality"": 0.16079618678553975}","{""AtlasBooks"": 0.30920211099060796, ""BrainBoost"": 0.10599983544181579, ""DriveSafe"": 0.4240018667820365, ""EcoFresh"": 0.16079618678553975}",3.0934,0.5000,2026-02-20T18:49:19.993263+00:00
user_000048,false,103,10,11,warm,"[""Automotive"", ""Beauty & Personal Care"", ""Grocery & Gourmet Food""]","[""Oils & Fluids"", ""Skincare"", ""Spices""]","[""DriveSafe"", ""GlowLab"", ""SpiceTrail""]","{""Beauty & Personal Care"": 0.33114535423408703, ""Grocery & Gourmet Food"": 0.2932546848813984, ""Automotive"": 0.3755999608845146}","{""Skincare"": 0.33114535423408703, ""Spices"": 0.2932546848813984, ""Oils & Fluids"": 0.3755999608845146}","{""GlowLab"": 0.33114535423408703, ""SpiceTrail"": 0.2932546848813984, ""DriveSafe"": 0.3755999608845146}",4.4813,0.5000,2026-03-22T09:44:33.260004+00:00
user_000049,false,3,1,1,warm,"[""Health & Household""]","[""Air Quality""]","[""EcoFresh""]","{""Health & Household"": 1.0}","{""Air Quality"": 1.0}","{""EcoFresh"": 1.0}",3.8584,0.5000,2026-01-08T00:32:31.855560+00:00
user_000050,false,76,6,6,warm,"[""Electronics"", ""Automotive""]","[""Smartphones"", ""Oils & Fluids""]","[""TechPro"", ""DriveSafe""]","{""Automotive"": 0.1475024187696246, ""Electronics"": 0.8524975812303753}","{""Oils & Fluids"": 0.1475024187696246, ""Smartphones"": 0.8524975812303753}","{""DriveSafe"": 0.1475024187696246, ""TechPro"": 0.8524975812303753}",7.1617,0.5000,2026-03-04T01:41:07.726175+00:00
user_000051,false,0,0,0,no_history,[],[],[],{},{},{},,0.5000,
user_000052,false,0,0,0,no_history,[],[],[],{},{},{},,0.5000,
user_000053,false,147,10,17,warm,"[""Beauty & Personal Care"", ""Automotive""]","[""Skincare"", ""Oils & Fluids""]","[""GlowLab"", ""DriveSafe""]","{""Automotive"": 0.023515122073934854, ""Beauty & Personal Care"": 0.9764848779260652}","{""Oils & Fluids"": 0.023515122073934854, ""Skincare"": 0.9764848779260652}","{""DriveSafe"": 0.023515122073934854, ""GlowLab"": 0.9764848779260652}",4.3887,0.5000,2026-03-24T20:12:56.441889+00:00
user_000054,false,191,12,12,warm,"[""Grocery & Gourmet Food"", ""Automotive"", ""Sports & Outdoors"", ""Books"", ""Home & Kitchen""]","[""Spices"", ""Oils & Fluids"", ""Yoga"", ""Comics"", ""Bedding""]","[""SpiceTrail"", ""DriveSafe"", ""PeakAscent"", ""AtlasBooks"", ""ChefElite""]","{""Grocery & Gourmet Food"": 0.560657860609054, ""Beauty & Personal Care"": 0.04264125950728529, ""Home & Kitchen"": 0.04297536275644531, ""Books"": 0.049017499731966806, ""Sports & Outdoors"": 0.11205391206685493, ""Automotive"": 0.1926541053283936}","{""Spices"": 0.560657860609054, ""Skincare"": 0.04264125950728529, ""Bedding"": 0.04297536275644531, ""Comics"": 0.049017499731966806, ""Yoga"": 0.11205391206685493, ""Oils & Fluids"": 0.1926541053283936}","{""SpiceTrail"": 0.560657860609054, ""GlowLab"": 0.04264125950728529, ""ChefElite"": 0.04297536275644531, ""AtlasBooks"": 0.049017499731966806, ""PeakAscent"": 0.11205391206685493, ""DriveSafe"": 0.1926541053283936}",3.4946,0.5000,2026-03-16T14:36:20.412179+00:00
user_000055,false,23,2,2,warm,"[""Home & Kitchen""]","[""Bedding""]","[""ChefElite""]","{""Home & Kitchen"": 1.0}","{""Bedding"": 1.0}","{""ChefElite"": 1.0}",5.3887,0.5000,2026-02-14T18:05:24.703579+00:00
user_000056,false,210,15,23,warm,"[""Electronics"", ""Beauty & Personal Care"", ""Health & Household"", ""Automotive"", ""Toys & Games""]","[""Smartphones"", ""Skincare"", ""Air Quality"", ""Oils & Fluids"", ""Action Figures""]","[""TechPro"", ""GlowLab"", ""EcoFresh"", ""DriveSafe"", ""BrainBoost""]","{""Health & Household"": 0.11610344664021287, ""Home & Kitchen"": 0.04388606657091326, ""Beauty & Personal Care"": 0.28515989280179516, ""Sports & Outdoors"": 0.02240501089432911, ""Books"": 0.03991832032472758, ""Automotive"": 0.0973700252880645, ""Electronics"": 0.3409108142705285, ""Toys & Games"": 0.05424642320942896}","{""Air Quality"": 0.11610344664021287, ""Bedding"": 0.04388606657091326, ""Skincare"": 0.28515989280179516, ""Yoga"": 0.02240501089432911, ""Comics"": 0.03991832032472758, ""Oils & Fluids"": 0.0973700252880645, ""Smartphones"": 0.3409108142705285, ""Action Figures"": 0.05424642320942896}","{""EcoFresh"": 0.11610344664021287, ""ChefElite"": 0.04388606657091326, ""GlowLab"": 0.28515989280179516, ""PeakAscent"": 0.02240501089432911, ""AtlasBooks"": 0.03991832032472758, ""DriveSafe"": 0.0973700252880645, ""TechPro"": 0.3409108142705285, ""BrainBoost"": 0.05424642320942896}",4.7939,0.5000,2026-03-10T13:00:40.689857+00:00
user_000057,false,13,1,2,warm,"[""Toys & Games"", ""Electronics""]","[""Action Figures"", ""Smartphones""]","[""BrainBoost"", ""TechPro""]","{""Electronics"": 0.49999823226817613, ""Toys & Games"": 0.5000017677318239}","{""Smartphones"": 0.49999823226817613, ""Action Figures"": 0.5000017677318239}","{""TechPro"": 0.49999823226817613, ""BrainBoost"": 0.5000017677318239}",5.8298,0.5000,2026-03-16T03:16:22.100181+00:00
user_000058,false,0,0,0,no_history,[],[],[],{},{},{},,0.5000,
user_000059,false,23,1,3,warm,"[""Beauty & Personal Care"", ""Health & Household""]","[""Skincare"", ""Air Quality""]","[""GlowLab"", ""EcoFresh""]","{""Health & Household"": 0.24999946064940862, ""Beauty & Personal Care"": 0.7500005393505914}","{""Air Quality"": 0.24999946064940862, ""Skincare"": 0.7500005393505914}","{""EcoFresh"": 0.24999946064940862, ""GlowLab"": 0.7500005393505914}",4.0423,0.5000,2026-01-14T15:34:57.840496+00:00
user_000060,false,122,9,10,warm,"[""Health & Household"", ""Electronics"", ""Beauty & Personal Care""]","[""Air Quality"", ""Smartphones"", ""Skincare""]","[""EcoFresh"", ""TechPro"", ""GlowLab""]","{""Health & Household"": 0.7774476510377809, ""Beauty & Personal Care"": 0.049502923441274264, ""Electronics"": 0.1730494255209448}","{""Air Quality"": 0.7774476510377809, ""Skincare"": 0.049502923441274264, ""Smartphones"": 0.1730494255209448}","{""EcoFresh"": 0.7774476510377809, ""GlowLab"": 0.049502923441274264, ""TechPro"": 0.1730494255209448}",3.4839,0.5000,2026-03-06T07:46:09.221789+00:00
user_000061,false,0,0,0,no_history,[],[],[],{},{},{},,0.5000,
user_000062,false,77,9,17,warm,"[""Sports & Outdoors"", ""Books"", ""Health & Household"", ""Home & Kitchen"", ""Clothing""]","[""Yoga"", ""Comics"", ""Air Quality"", ""Bedding"", ""Women's Dresses""]","[""PeakAscent"", ""AtlasBooks"", ""EcoFresh"", ""ChefElite"", ""EleganceWear""]","{""Sports & Outdoors"": 0.4014638918755934, ""Electronics"": 0.0805976231083813, ""Books"": 0.16733215688702147, ""Clothing"": 0.10337322268958479, ""Home & Kitchen"": 0.10337422654400359, ""Health & Household"": 0.14385887889541538}","{""Yoga"": 0.4014638918755934, ""Smartphones"": 0.0805976231083813, ""Comics"": 0.16733215688702147, ""Women's Dresses"": 0.10337322268958479, ""Bedding"": 0.10337422654400359, ""Air Quality"": 0.14385887889541538}","{""PeakAscent"": 0.4014638918755934, ""TechPro"": 0.0805976231083813, ""AtlasBooks"": 0.16733215688702147, ""EleganceWear"": 0.10337322268958479, ""ChefElite"": 0.10337422654400359, ""EcoFresh"": 0.14385887889541538}",5.0531,0.5000,2026-03-20T09:27:01.300385+00:00
user_000063,false,0,0,0,no_history,[],[],[],{},{},{},,0.5000,
user_000064,false,108,9,12,warm,"[""Automotive"", ""Grocery & Gourmet Food"", ""Toys & Games"", ""Home & Kitchen"", ""Health & Household""]","[""Oils & Fluids"", ""Spices"", ""Action Figures"", ""Bedding"", ""Air Quality""]","[""DriveSafe"", ""SpiceTrail"", ""BrainBoost"", ""ChefElite"", ""EcoFresh""]","{""Grocery & Gourmet Food"": 0.28719146567490117, ""Electronics"": 0.029897384243685154, ""Health & Household"": 0.04693655496480529, ""Home & Kitchen"": 0.0576721037899987, ""Toys & Games"": 0.14928680972113015, ""Automotive"": 0.4290156816054795}","{""Spices"": 0.28719146567490117, ""Smartphones"": 0.029897384243685154, ""Air Quality"": 0.04693655496480529, ""Bedding"": 0.0576721037899987, ""Action Figures"": 0.14928680972113015, ""Oils & Fluids"": 0.4290156816054795}","{""SpiceTrail"": 0.28719146567490117, ""TechPro"": 0.029897384243685154, ""EcoFresh"": 0.04693655496480529, ""ChefElite"": 0.0576721037899987, ""BrainBoost"": 0.14928680972113015, ""DriveSafe"": 0.4290156816054795}",4.9414,0.5000,2026-02-25T12:55:53.391492+00:00
user_000065,false,137,11,14,warm,"[""Grocery & Gourmet Food"", ""Toys & Games"", ""Beauty & Personal Care"", ""Automotive""]","[""Spices"", ""Action Figures"", ""Skincare"", ""Oils & Fluids""]","[""SpiceTrail"", ""BrainBoost"", ""GlowLab"", ""DriveSafe""]","{""Toys & Games"": 0.3491446141286669, ""Beauty & Personal Care"": 0.20809671979957053, ""Automotive"": 0.0897931127674896, ""Grocery & Gourmet Food"": 0.3529655533042729}","{""Action Figures"": 0.3491446141286669, ""Skincare"": 0.20809671979957053, ""Oils & Fluids"": 0.0897931127674896, ""Spices"": 0.3529655533042729}","{""BrainBoost"": 0.3491446141286669, ""GlowLab"": 0.20809671979957053, ""DriveSafe"": 0.0897931127674896, ""SpiceTrail"": 0.3529655533042729}",4.2272,0.5000,2026-03-03T22:51:30.103517+00:00
user_000066,false,129,10,11,warm,"[""Books"", ""Clothing"", ""Electronics"", ""Home & Kitchen"", ""Health & Household""]","[""Comics"", ""Women's Dresses"", ""Smartphones"", ""Bedding"", ""Air Quality""]","[""AtlasBooks"", ""EleganceWear"", ""TechPro"", ""ChefElite"", ""EcoFresh""]","{""Books"": 0.43905542834217254, ""Health & Household"": 0.04829959863550262, ""Home & Kitchen"": 0.12605774073980813, ""Clothing"": 0.2573971404988895, ""Electronics"": 0.12919009178362714}","{""Comics"": 0.43905542834217254, ""Air Quality"": 0.04829959863550262, ""Bedding"": 0.12605774073980813, ""Women's Dresses"": 0.2573971404988895, ""Smartphones"": 0.12919009178362714}","{""AtlasBooks"": 0.43905542834217254, ""EcoFresh"": 0.04829959863550262, ""ChefElite"": 0.12605774073980813, ""EleganceWear"": 0.2573971404988895, ""TechPro"": 0.12919009178362714}",4.8903,0.5000,2026-03-26T23:26:31.463900+00:00
user_000067,false,0,0,0,no_history,[],[],[],{},{},{},,0.5000,
user_000068,false,116,9,13,warm,"[""Home & Kitchen"", ""Automotive"", ""Electronics"", ""Sports & Outdoors""]","[""Bedding"", ""Oils & Fluids"", ""Smartphones"", ""Yoga""]","[""ChefElite"", ""DriveSafe"", ""TechPro"", ""PeakAscent""]","{""Sports & Outdoors"": 0.02306576413083367, ""Automotive"": 0.1018849693914569, ""Home & Kitchen"": 0.8121893507816692, ""Electronics"": 0.06285991569604027}","{""Yoga"": 0.02306576413083367, ""Oils & Fluids"": 0.1018849693914569, ""Bedding"": 0.8121893507816692, ""Smartphones"": 0.06285991569604027}","{""PeakAscent"": 0.02306576413083367, ""DriveSafe"": 0.1018849693914569, ""ChefElite"": 0.8121893507816692, ""TechPro"": 0.06285991569604027}",5.7054,0.5000,2026-03-07T03:13:28.122910+00:00
user_000069,false,5,1,2,warm,"[""Health & Household""]","[""Air Quality""]","[""EcoFresh""]","{""Health & Household"": 1.0}","{""Air Quality"": 1.0}","{""EcoFresh"": 1.0}",3.7853,0.5000,2026-02-21T17:44:45.048560+00:00
user_000070,false,99,7,8,warm,"[""Grocery & Gourmet Food"", ""Health & Household"", ""Clothing"", ""Electronics""]","[""Spices"", ""Air Quality"", ""Women's Dresses"", ""Smartphones""]","[""SpiceTrail"", ""EcoFresh"", ""EleganceWear"", ""TechPro""]","{""Grocery & Gourmet Food"": 0.5984289896679106, ""Electronics"": 0.0686715509182515, ""Clothing"": 0.10506836186596648, ""Health & Household"": 0.22783109754787148}","{""Spices"": 0.5984289896679106, ""Smartphones"": 0.0686715509182515, ""Women's Dresses"": 0.10506836186596648, ""Air Quality"": 0.22783109754787148}","{""SpiceTrail"": 0.5984289896679106, ""TechPro"": 0.0686715509182515, ""EleganceWear"": 0.10506836186596648, ""EcoFresh"": 0.22783109754787148}",3.5997,0.5000,2026-03-21T18:46:12.972354+00:00
user_000071,false,148,9,15,warm,"[""Clothing"", ""Automotive"", ""Electronics"", ""Sports & Outdoors""]","[""Women's Dresses"", ""Oils & Fluids"", ""Smartphones"", ""Yoga""]","[""EleganceWear"", ""DriveSafe"", ""TechPro"", ""PeakAscent""]","{""Clothing"": 0.5106836956026345, ""Electronics"": 0.18738076044513238, ""Automotive"": 0.24050056004079667, ""Sports & Outdoors"": 0.06143498391143649}","{""Women's Dresses"": 0.5106836956026345, ""Smartphones"": 0.18738076044513238, ""Oils & Fluids"": 0.24050056004079667, ""Yoga"": 0.06143498391143649}","{""EleganceWear"": 0.5106836956026345, ""TechPro"": 0.18738076044513238, ""DriveSafe"": 0.24050056004079667, ""PeakAscent"": 0.06143498391143649}",5.2438,0.5000,2026-02-08T12:57:41.894720+00:00
user_000072,false,103,8,13,warm,"[""Toys & Games"", ""Books"", ""Electronics"", ""Health & Household"", ""Clothing""]","[""Action Figures"", ""Comics"", ""Smartphones"", ""Air Quality"", ""Women's Dresses""]","[""BrainBoost"", ""AtlasBooks"", ""TechPro"", ""EcoFresh"", ""EleganceWear""]","{""Health & Household"": 0.0762354472360175, ""Toys & Games"": 0.43804618388433475, ""Clothing"": 0.0517676599444469, ""Books"": 0.34343171071175643, ""Electronics"": 0.09051899822344443}","{""Air Quality"": 0.0762354472360175, ""Action Figures"": 0.43804618388433475, ""Women's Dresses"": 0.0517676599444469, ""Comics"": 0.34343171071175643, ""Smartphones"": 0.09051899822344443}","{""EcoFresh"": 0.0762354472360175, ""BrainBoost"": 0.43804618388433475, ""EleganceWear"": 0.0517676599444469, ""AtlasBooks"": 0.34343171071175643, ""TechPro"": 0.09051899822344443}",4.2206,0.5000,2026-03-27T02:50:16.834134+00:00
user_000073,false,10,1,1,warm,"[""Books""]","[""Comics""]","[""AtlasBooks""]","{""Books"": 1.0}","{""Comics"": 1.0}","{""AtlasBooks"": 1.0}",3.6039,0.5000,2026-02-07T00:47:43.831205+00:00
user_000074,false,0,0,0,no_history,[],[],[],{},{},{},,0.5000,
user_000075,false,99,7,6,warm,"[""Health & Household"", ""Home & Kitchen"", ""Clothing""]","[""Air Quality"", ""Bedding"", ""Women's Dresses""]","[""EcoFresh"", ""ChefElite"", ""EleganceWear""]","{""Clothing"": 0.0427459547451363, ""Home & Kitchen"": 0.32439781168409304, ""Health & Household"": 0.6328562335707706}","{""Women's Dresses"": 0.0427459547451363, ""Bedding"": 0.32439781168409304, ""Air Quality"": 0.6328562335707706}","{""EleganceWear"": 0.0427459547451363, ""ChefElite"": 0.32439781168409304, ""EcoFresh"": 0.6328562335707706}",4.5363,0.5000,2026-03-04T14:59:45.362036+00:00
user_000076,false,21,1,2,warm,"[""Electronics"", ""Grocery & Gourmet Food""]","[""Smartphones"", ""Spices""]","[""TechPro"", ""SpiceTrail""]","{""Grocery & Gourmet Food"": 0.49999887984641167, ""Electronics"": 0.5000011201535884}","{""Spices"": 0.49999887984641167, ""Smartphones"": 0.5000011201535884}","{""SpiceTrail"": 0.49999887984641167, ""TechPro"": 0.5000011201535884}",5.8105,0.5000,2026-02-14T23:30:44.444352+00:00
user_000077,false,3,1,2,warm,"[""Toys & Games""]","[""Action Figures""]","[""BrainBoost""]","{""Toys & Games"": 1.0}","{""Action Figures"": 1.0}","{""BrainBoost"": 1.0}",2.5603,0.5000,2026-03-20T22:25:15.498303+00:00
user_000078,false,85,7,9,warm,"[""Toys & Games"", ""Clothing"", ""Home & Kitchen""]","[""Action Figures"", ""Women's Dresses"", ""Bedding""]","[""BrainBoost"", ""EleganceWear"", ""ChefElite""]","{""Toys & Games"": 0.6123319048487257, ""Clothing"": 0.22194379691939614, ""Home & Kitchen"": 0.16572429823187823}","{""Action Figures"": 0.6123319048487257, ""Women's Dresses"": 0.22194379691939614, ""Bedding"": 0.16572429823187823}","{""BrainBoost"": 0.6123319048487257, ""EleganceWear"": 0.22194379691939614, ""ChefElite"": 0.16572429823187823}",4.3016,0.5000,2026-03-14T08:21:05.800847+00:00
user_000079,false,152,8,11,warm,"[""Home & Kitchen"", ""Health & Household"", ""Books"", ""Toys & Games""]","[""Bedding"", ""Air Quality"", ""Comics"", ""Action Figures""]","[""ChefElite"", ""EcoFresh"", ""AtlasBooks"", ""BrainBoost""]","{""Home & Kitchen"": 0.3438026334224039, ""Books"": 0.19833697411512657, ""Toys & Games"": 0.14062988612748675, ""Health & Household"": 0.31723050633498273}","{""Bedding"": 0.3438026334224039, ""Comics"": 0.19833697411512657, ""Action Figures"": 0.14062988612748675, ""Air Quality"": 0.31723050633498273}","{""ChefElite"": 0.3438026334224039, ""AtlasBooks"": 0.19833697411512657, ""BrainBoost"": 0.14062988612748675, ""EcoFresh"": 0.31723050633498273}",4.5447,0.5000,2026-03-17T08:50:51.324995+00:00
user_000080,false,20,1,0,no_positive,[],[],[],{},{},{},,0.5000,
user_000081,false,9,1,2,warm,"[""Grocery & Gourmet Food""]","[""Spices""]","[""SpiceTrail""]","{""Grocery & Gourmet Food"": 1.0}","{""Spices"": 1.0}","{""SpiceTrail"": 1.0}",4.2085,0.5000,2026-03-29T08:16:38.848526+00:00
user_000082,false,6,1,1,warm,"[""Books""]","[""Comics""]","[""AtlasBooks""]","{""Books"": 1.0}","{""Comics"": 1.0}","{""AtlasBooks"": 1.0}",3.8599,0.5000,2026-03-25T13:55:02.434960+00:00
user_000083,false,28,3,3,warm,"[""Electronics"", ""Books""]","[""Smartphones"", ""Comics""]","[""TechPro"", ""AtlasBooks""]","{""Books"": 0.2655860991557596, ""Electronics"": 0.7344139008442404}","{""Comics"": 0.2655860991557596, ""Smartphones"": 0.7344139008442404}","{""AtlasBooks"": 0.2655860991557596, ""TechPro"": 0.7344139008442404}",6.6334,0.5000,2026-01-30T15:41:56.681531+00:00
user_000084,false,66,8,11,warm,"[""Clothing"", ""Electronics"", ""Home & Kitchen"", ""Automotive""]","[""Women's Dresses"", ""Smartphones"", ""Bedding"", ""Oils & Fluids""]","[""EleganceWear"", ""TechPro"", ""ChefElite"", ""DriveSafe""]","{""Automotive"": 0.056493456558259394, ""Clothing"": 0.6463719291830843, ""Home & Kitchen"": 0.06838682720059301, ""Electronics"": 0.2287477870580633}","{""Oils & Fluids"": 0.056493456558259394, ""Women's Dresses"": 0.6463719291830843, ""Bedding"": 0.06838682720059301, ""Smartphones"": 0.2287477870580633}","{""DriveSafe"": 0.056493456558259394, ""EleganceWear"": 0.6463719291830843, ""ChefElite"": 0.06838682720059301, ""TechPro"": 0.2287477870580633}",5.4035,0.5000,2026-03-25T12:16:58.146093+00:00
user_000085,false,2,1,1,warm,"[""Toys & Games""]","[""Action Figures""]","[""BrainBoost""]","{""Toys & Games"": 1.0}","{""Action Figures"": 1.0}","{""BrainBoost"": 1.0}",5.2572,0.5000,2026-01-10T06:08:31.664722+00:00
user_000086,false,121,9,10,warm,"[""Toys & Games"", ""Home & Kitchen"", ""Grocery & Gourmet Food""]","[""Action Figures"", ""Bedding"", ""Spices""]","[""BrainBoost"", ""ChefElite"", ""SpiceTrail""]","{""Toys & Games"": 0.5432901471490246, ""Home & Kitchen"": 0.23297117170067205, ""Grocery & Gourmet Food"": 0.22373868115030338}","{""Action Figures"": 0.5432901471490246, ""Bedding"": 0.23297117170067205, ""Spices"": 0.22373868115030338}","{""BrainBoost"": 0.5432901471490246, ""ChefElite"": 0.23297117170067205, ""SpiceTrail"": 0.22373868115030338}",4.3209,0.5000,2026-02-17T23:19:26.986516+00:00
user_000087,false,2,1,1,warm,"[""Electronics""]","[""Smartphones""]","[""TechPro""]","{""Electronics"": 1.0}","{""Smartphones"": 1.0}","{""TechPro"": 1.0}",6.5519,0.5000,2026-01-10T12:52:22.033524+00:00
user_000088,false,126,9,12,warm,"[""Health & Household"", ""Grocery & Gourmet Food"", ""Electronics"", ""Books""]","[""Air Quality"", ""Spices"", ""Smartphones"", ""Comics""]","[""EcoFresh"", ""SpiceTrail"", ""TechPro"", ""AtlasBooks""]","{""Books"": 0.0257177543561442, ""Electronics"": 0.18282191607220358, ""Health & Household"": 0.5697062520266094, ""Grocery & Gourmet Food"": 0.2217540775450428}","{""Comics"": 0.0257177543561442, ""Smartphones"": 0.18282191607220358, ""Air Quality"": 0.5697062520266094, ""Spices"": 0.2217540775450428}","{""AtlasBooks"": 0.0257177543561442, ""TechPro"": 0.18282191607220358, ""EcoFresh"": 0.5697062520266094, ""SpiceTrail"": 0.2217540775450428}",4.4214,0.5000,2026-03-23T18:23:46.291071+00:00
user_000089,false,38,5,5,warm,"[""Health & Household"", ""Grocery & Gourmet Food""]","[""Air Quality"", ""Spices""]","[""EcoFresh"", ""SpiceTrail""]","{""Health & Household"": 0.570224506851725, ""Grocery & Gourmet Food"": 0.42977549314827507}","{""Air Quality"": 0.570224506851725, ""Spices"": 0.42977549314827507}","{""EcoFresh"": 0.570224506851725, ""SpiceTrail"": 0.42977549314827507}",3.4166,0.5000,2026-02-13T22:11:53.951113+00:00
user_000090,false,0,0,0,no_history,[],[],[],{},{},{},,0.5000,
user_000091,false,158,12,11,warm,"[""Home & Kitchen"", ""Clothing"", ""Health & Household""]","[""Bedding"", ""Women's Dresses"", ""Air Quality""]","[""ChefElite"", ""EleganceWear"", ""EcoFresh""]","{""Home & Kitchen"": 0.496245870030767, ""Clothing"": 0.34013957516686355, ""Health & Household"": 0.16361455480236953}","{""Bedding"": 0.496245870030767, ""Women's Dresses"": 0.34013957516686355, ""Air Quality"": 0.16361455480236953}","{""ChefElite"": 0.496245870030767, ""EleganceWear"": 0.34013957516686355, ""EcoFresh"": 0.16361455480236953}",4.9233,0.5000,2026-03-18T19:39:58.163849+00:00
user_000092,false,0,0,0,no_history,[],[],[],{},{},{},,0.5000,
user_000093,false,9,4,4,warm,"[""Toys & Games"", ""Books""]","[""Action Figures"", ""Comics""]","[""BrainBoost"", ""AtlasBooks""]","{""Books"": 0.2077280935591922, ""Toys & Games"": 0.7922719064408077}","{""Comics"": 0.2077280935591922, ""Action Figures"": 0.7922719064408077}","{""AtlasBooks"": 0.2077280935591922, ""BrainBoost"": 0.7922719064408077}",4.8365,0.5000,2026-02-21T21:03:36.817083+00:00
user_000094,false,23,1,3,warm,"[""Home & Kitchen"", ""Health & Household""]","[""Bedding"", ""Air Quality""]","[""ChefElite"", ""EcoFresh""]","{""Health & Household"": 0.249998057036854, ""Home & Kitchen"": 0.7500019429631459}","{""Air Quality"": 0.249998057036854, ""Bedding"": 0.7500019429631459}","{""EcoFresh"": 0.249998057036854, ""ChefElite"": 0.7500019429631459}",4.9699,0.5000,2026-03-04T01:35:40.015353+00:00
user_000095,false,78,5,5,warm,"[""Beauty & Personal Care"", ""Automotive"", ""Books"", ""Grocery & Gourmet Food""]","[""Skincare"", ""Oils & Fluids"", ""Comics"", ""Spices""]","[""GlowLab"", ""DriveSafe"", ""AtlasBooks"", ""SpiceTrail""]","{""Grocery & Gourmet Food"": 0.1018442963729287, ""Beauty & Personal Care"": 0.436973869543791, ""Books"": 0.200024848148423, ""Automotive"": 0.2611569859348573}","{""Spices"": 0.1018442963729287, ""Skincare"": 0.436973869543791, ""Comics"": 0.200024848148423, ""Oils & Fluids"": 0.2611569859348573}","{""SpiceTrail"": 0.1018442963729287, ""GlowLab"": 0.436973869543791, ""AtlasBooks"": 0.200024848148423, ""DriveSafe"": 0.2611569859348573}",3.9266,0.5000,2026-03-14T20:15:34.183250+00:00
user_000096,false,104,10,10,warm,"[""Electronics"", ""Books"", ""Beauty & Personal Care"", ""Home & Kitchen"", ""Health & Household""]","[""Smartphones"", ""Comics"", ""Skincare"", ""Bedding"", ""Air Quality""]","[""TechPro"", ""AtlasBooks"", ""GlowLab"", ""ChefElite"", ""EcoFresh""]","{""Health & Household"": 0.03845273184805545, ""Electronics"": 0.5022202128394063, ""Home & Kitchen"": 0.10848944522377893, ""Beauty & Personal Care"": 0.1340623264799388, ""Books"": 0.2167752836088205}","{""Air Quality"": 0.03845273184805545, ""Smartphones"": 0.5022202128394063, ""Bedding"": 0.10848944522377893, ""Skincare"": 0.1340623264799388, ""Comics"": 0.2167752836088205}","{""EcoFresh"": 0.03845273184805545, ""TechPro"": 0.5022202128394063, ""ChefElite"": 0.10848944522377893, ""GlowLab"": 0.1340623264799388, ""AtlasBooks"": 0.2167752836088205}",5.9318,0.5000,2026-03-23T16:46:11.623224+00:00
user_000097,false,21,1,1,warm,"[""Books""]","[""Comics""]","[""AtlasBooks""]","{""Books"": 1.0}","{""Comics"": 1.0}","{""AtlasBooks"": 1.0}",2.0807,0.5000,2026-03-12T20:12:05.264106+00:00
user_000098,false,158,12,12,warm,"[""Electronics"", ""Health & Household"", ""Sports & Outdoors"", ""Automotive"", ""Grocery & Gourmet Food""]","[""Smartphones"", ""Air Quality"", ""Yoga"", ""Oils & Fluids"", ""Spices""]","[""TechPro"", ""EcoFresh"", ""PeakAscent"", ""DriveSafe"", ""SpiceTrail""]","{""Electronics"": 0.6349820513459451, ""Sports & Outdoors"": 0.10510169769958044, ""Grocery & Gourmet Food"": 0.05585599643943431, ""Automotive"": 0.09756481503472714, ""Health & Household"": 0.10649543948031288}","{""Smartphones"": 0.6349820513459451, ""Yoga"": 0.10510169769958044, ""Spices"": 0.05585599643943431, ""Oils & Fluids"": 0.09756481503472714, ""Air Quality"": 0.10649543948031288}","{""TechPro"": 0.6349820513459451, ""PeakAscent"": 0.10510169769958044, ""SpiceTrail"": 0.05585599643943431, ""DriveSafe"": 0.09756481503472714, ""EcoFresh"": 0.10649543948031288}",6.6189,0.5000,2026-03-11T16:14:04.970376+00:00
user_000099,false,12,1,2,warm,"[""Health & Household""]","[""Air Quality""]","[""EcoFresh""]","{""Health & Household"": 1.0}","{""Air Quality"": 1.0}","{""EcoFresh"": 1.0}",3.1489,0.5000,2026-02-07T17:55:01.651138+00:00
user_000100,false,61,3,1,warm,"[""Health & Household""]","[""Air Quality""]","[""EcoFresh""]","{""Health & Household"": 1.0}","{""Air Quality"": 1.0}","{""EcoFresh"": 1.0}",3.8859,0.5000,2026-02-27T05:38:21.515930+00:00
